Type,Subject,Max Value,Min Value
data,Subject001,20000.0,0.0
ground_truth,Subject001,10000.0,0.0
latent_target_frame1,Subject001,18000.0,0.0
latent_target_frame2,Subject001,15000.0,0.0
latent_target_frame3,Subject001,12000.0,0.0
data,Subject002,25000.0,0.0
ground_truth,Subject002,12500.0,0.0
latent_target_frame1,Subject002,22000.0,0.0
latent_target_frame2,Subject002,19000.0,0.0
latent_target_frame3,Subject002,16000.0,0.0
data,Subject003,30000.0,0.0
ground_truth,Subject003,15000.0,0.0
latent_target_frame1,Subject003,27000.0,0.0
latent_target_frame2,Subject003,23000.0,0.0
latent_target_frame3,Subject003,20000.0,0.0
